 a, b, x, y, z,(* a b),(* a x),(* a y),(* a z),(* b x),(* b y), (* b z), (* x y),(* x z), (* y z)
10, 10, 10, 10, 0, 100, 100, 100, 0, 100, 100, 0, 100, 0, 0
10, 10, 160, 0, 100, 100, 1600, 0, 1000, 1600, 0, 1000, 0, 16000, 0
10, 10, 20, 5, 0, 100, 200, 50, 0, 200, 50, 0, 100, 0, 0
10, 10, 40, 2, 20, 100, 400, 20, 200, 400, 20, 200, 80, 800, 40
10, 10, 80, 1, 20, 100, 800, 10, 200, 800, 10, 200, 80, 1600, 20
10, 1, 10, 1, 0, 10, 100, 10, 0, 10, 1, 0, 10, 0, 0
10, 1, 20, 0, 10, 10, 200, 0, 100, 20, 0, 10, 0, 200, 0
10, 2, 10, 2, 0, 20, 100, 20, 0, 20, 4, 0, 20, 0, 0
10, 2, 20, 1, 0, 20, 200, 10, 0, 40, 2, 0, 20, 0, 0
10, 2, 40, 0, 20, 20, 400, 0, 200, 80, 0, 40, 0, 800, 0
10, 3, 10, 3, 0, 30, 100, 30, 0, 30, 9, 0, 30, 0, 0
10, 3, 20, 1, 10, 30, 200, 10, 100, 60, 3, 30, 20, 200, 10
10, 3, 40, 0, 30, 30, 400, 0, 300, 120, 0, 90, 0, 1200, 0
10, 4, 10, 4, 0, 40, 100, 40, 0, 40, 16, 0, 40, 0, 0
10, 4, 20, 2, 0, 40, 200, 20, 0, 80, 8, 0, 40, 0, 0
10, 4, 40, 1, 0, 40, 400, 10, 0, 160, 4, 0, 40, 0, 0
10, 4, 80, 0, 40, 40, 800, 0, 400, 320, 0, 160, 0, 3200, 0
10, 5, 10, 5, 0, 50, 100, 50, 0, 50, 25, 0, 50, 0, 0
10, 5, 20, 2, 10, 50, 200, 20, 100, 100, 10, 50, 40, 200, 20
10, 5, 40, 1, 10, 50, 400, 10, 100, 200, 5, 50, 40, 400, 10
10, 5, 80, 0, 50, 50, 800, 0, 500, 400, 0, 250, 0, 4000, 0
10, 6, 10, 6, 0, 60, 100, 60, 0, 60, 36, 0, 60, 0, 0
10, 6, 20, 3, 0, 60, 200, 30, 0, 120, 18, 0, 60, 0, 0
10, 6, 40, 1, 20, 60, 400, 10, 200, 240, 6, 120, 40, 800, 20
10, 6, 80, 0, 60, 60, 800, 0, 600, 480, 0, 360, 0, 4800, 0
10, 7, 10, 7, 0, 70, 100, 70, 0, 70, 49, 0, 70, 0, 0
10, 7, 20, 3, 10, 70, 200, 30, 100, 140, 21, 70, 60, 200, 30
10, 7, 40, 1, 30, 70, 400, 10, 300, 280, 7, 210, 40, 1200, 30
10, 7, 80, 0, 70, 70, 800, 0, 700, 560, 0, 490, 0, 5600, 0
10, 8, 10, 8, 0, 80, 100, 80, 0, 80, 64, 0, 80, 0, 0
10, 8, 160, 0, 80, 80, 1600, 0, 800, 1280, 0, 640, 0, 12800, 0
10, 8, 20, 4, 0, 80, 200, 40, 0, 160, 32, 0, 80, 0, 0
10, 8, 40, 2, 0, 80, 400, 20, 0, 320, 16, 0, 80, 0, 0
10, 8, 80, 1, 0, 80, 800, 10, 0, 640, 8, 0, 80, 0, 0
10, 9, 10, 9, 0, 90, 100, 90, 0, 90, 81, 0, 90, 0, 0
10, 9, 160, 0, 90, 90, 1600, 0, 900, 1440, 0, 810, 0, 14400, 0
10, 9, 20, 4, 10, 90, 200, 40, 100, 180, 36, 90, 80, 200, 40
10, 9, 40, 2, 10, 90, 400, 20, 100, 360, 18, 90, 80, 400, 20
10, 9, 80, 1, 10, 90, 800, 10, 100, 720, 9, 90, 80, 800, 10
1, 10, 1, 10, 0, 10, 1, 10, 0, 10, 100, 0, 10, 0, 0
1, 10, 16, 0, 10, 10, 16, 0, 10, 160, 0, 100, 0, 160, 0
1, 10, 2, 5, 0, 10, 2, 5, 0, 20, 50, 0, 10, 0, 0
1, 10, 4, 2, 2, 10, 4, 2, 2, 40, 20, 20, 8, 8, 4
1, 10, 8, 1, 2, 10, 8, 1, 2, 80, 10, 20, 8, 16, 2
1, 1, 1, 1, 0, 1, 1, 1, 0, 1, 1, 0, 1, 0, 0
1, 1, 2, 0, 1, 1, 2, 0, 1, 2, 0, 1, 0, 2, 0
1, 2, 1, 2, 0, 2, 1, 2, 0, 2, 4, 0, 2, 0, 0
1, 2, 2, 1, 0, 2, 2, 1, 0, 4, 2, 0, 2, 0, 0
1, 2, 4, 0, 2, 2, 4, 0, 2, 8, 0, 4, 0, 8, 0
1, 3, 1, 3, 0, 3, 1, 3, 0, 3, 9, 0, 3, 0, 0
1, 3, 2, 1, 1, 3, 2, 1, 1, 6, 3, 3, 2, 2, 1
1, 3, 4, 0, 3, 3, 4, 0, 3, 12, 0, 9, 0, 12, 0
1, 4, 1, 4, 0, 4, 1, 4, 0, 4, 16, 0, 4, 0, 0
1, 4, 2, 2, 0, 4, 2, 2, 0, 8, 8, 0, 4, 0, 0
1, 4, 4, 1, 0, 4, 4, 1, 0, 16, 4, 0, 4, 0, 0
1, 4, 8, 0, 4, 4, 8, 0, 4, 32, 0, 16, 0, 32, 0
1, 5, 1, 5, 0, 5, 1, 5, 0, 5, 25, 0, 5, 0, 0
1, 5, 2, 2, 1, 5, 2, 2, 1, 10, 10, 5, 4, 2, 2
1, 5, 4, 1, 1, 5, 4, 1, 1, 20, 5, 5, 4, 4, 1
1, 5, 8, 0, 5, 5, 8, 0, 5, 40, 0, 25, 0, 40, 0
1, 6, 1, 6, 0, 6, 1, 6, 0, 6, 36, 0, 6, 0, 0
1, 6, 2, 3, 0, 6, 2, 3, 0, 12, 18, 0, 6, 0, 0
1, 6, 4, 1, 2, 6, 4, 1, 2, 24, 6, 12, 4, 8, 2
1, 6, 8, 0, 6, 6, 8, 0, 6, 48, 0, 36, 0, 48, 0
1, 7, 1, 7, 0, 7, 1, 7, 0, 7, 49, 0, 7, 0, 0
1, 7, 2, 3, 1, 7, 2, 3, 1, 14, 21, 7, 6, 2, 3
1, 7, 4, 1, 3, 7, 4, 1, 3, 28, 7, 21, 4, 12, 3
1, 7, 8, 0, 7, 7, 8, 0, 7, 56, 0, 49, 0, 56, 0
1, 8, 16, 0, 8, 8, 16, 0, 8, 128, 0, 64, 0, 128, 0
1, 8, 1, 8, 0, 8, 1, 8, 0, 8, 64, 0, 8, 0, 0
1, 8, 2, 4, 0, 8, 2, 4, 0, 16, 32, 0, 8, 0, 0
1, 8, 4, 2, 0, 8, 4, 2, 0, 32, 16, 0, 8, 0, 0
1, 8, 8, 1, 0, 8, 8, 1, 0, 64, 8, 0, 8, 0, 0
1, 9, 16, 0, 9, 9, 16, 0, 9, 144, 0, 81, 0, 144, 0
1, 9, 1, 9, 0, 9, 1, 9, 0, 9, 81, 0, 9, 0, 0
1, 9, 2, 4, 1, 9, 2, 4, 1, 18, 36, 9, 8, 2, 4
1, 9, 4, 2, 1, 9, 4, 2, 1, 36, 18, 9, 8, 4, 2
1, 9, 8, 1, 1, 9, 8, 1, 1, 72, 9, 9, 8, 8, 1
2, 10, 16, 1, 4, 20, 32, 2, 8, 160, 10, 40, 16, 64, 4
2, 10, 2, 10, 0, 20, 4, 20, 0, 20, 100, 0, 20, 0, 0
2, 10, 32, 0, 20, 20, 64, 0, 40, 320, 0, 200, 0, 640, 0
2, 10, 4, 5, 0, 20, 8, 10, 0, 40, 50, 0, 20, 0, 0
2, 10, 8, 2, 4, 20, 16, 4, 8, 80, 20, 40, 16, 32, 8
2, 1, 2, 1, 0, 2, 4, 2, 0, 2, 1, 0, 2, 0, 0
2, 1, 4, 0, 2, 2, 8, 0, 4, 4, 0, 2, 0, 8, 0
2, 2, 2, 2, 0, 4, 4, 4, 0, 4, 4, 0, 4, 0, 0
2, 2, 4, 1, 0, 4, 8, 2, 0, 8, 2, 0, 4, 0, 0
2, 2, 8, 0, 4, 4, 16, 0, 8, 16, 0, 8, 0, 32, 0
2, 3, 2, 3, 0, 6, 4, 6, 0, 6, 9, 0, 6, 0, 0
2, 3, 4, 1, 2, 6, 8, 2, 4, 12, 3, 6, 4, 8, 2
2, 3, 8, 0, 6, 6, 16, 0, 12, 24, 0, 18, 0, 48, 0
2, 4, 16, 0, 8, 8, 32, 0, 16, 64, 0, 32, 0, 128, 0
2, 4, 2, 4, 0, 8, 4, 8, 0, 8, 16, 0, 8, 0, 0
2, 4, 4, 2, 0, 8, 8, 4, 0, 16, 8, 0, 8, 0, 0
2, 4, 8, 1, 0, 8, 16, 2, 0, 32, 4, 0, 8, 0, 0
2, 5, 16, 0, 10, 10, 32, 0, 20, 80, 0, 50, 0, 160, 0
2, 5, 2, 5, 0, 10, 4, 10, 0, 10, 25, 0, 10, 0, 0
2, 5, 4, 2, 2, 10, 8, 4, 4, 20, 10, 10, 8, 8, 4
2, 5, 8, 1, 2, 10, 16, 2, 4, 40, 5, 10, 8, 16, 2
2, 6, 16, 0, 12, 12, 32, 0, 24, 96, 0, 72, 0, 192, 0
2, 6, 2, 6, 0, 12, 4, 12, 0, 12, 36, 0, 12, 0, 0
2, 6, 4, 3, 0, 12, 8, 6, 0, 24, 18, 0, 12, 0, 0
2, 6, 8, 1, 4, 12, 16, 2, 8, 48, 6, 24, 8, 32, 4
2, 7, 16, 0, 14, 14, 32, 0, 28, 112, 0, 98, 0, 224, 0
2, 7, 2, 7, 0, 14, 4, 14, 0, 14, 49, 0, 14, 0, 0
2, 7, 4, 3, 2, 14, 8, 6, 4, 28, 21, 14, 12, 8, 6
2, 7, 8, 1, 6, 14, 16, 2, 12, 56, 7, 42, 8, 48, 6
2, 8, 16, 1, 0, 16, 32, 2, 0, 128, 8, 0, 16, 0, 0
2, 8, 2, 8, 0, 16, 4, 16, 0, 16, 64, 0, 16, 0, 0
2, 8, 32, 0, 16, 16, 64, 0, 32, 256, 0, 128, 0, 512, 0
2, 8, 4, 4, 0, 16, 8, 8, 0, 32, 32, 0, 16, 0, 0
2, 8, 8, 2, 0, 16, 16, 4, 0, 64, 16, 0, 16, 0, 0
2, 9, 16, 1, 2, 18, 32, 2, 4, 144, 9, 18, 16, 32, 2
2, 9, 2, 9, 0, 18, 4, 18, 0, 18, 81, 0, 18, 0, 0
2, 9, 32, 0, 18, 18, 64, 0, 36, 288, 0, 162, 0, 576, 0
2, 9, 4, 4, 2, 18, 8, 8, 4, 36, 36, 18, 16, 8, 8
2, 9, 8, 2, 2, 18, 16, 4, 4, 72, 18, 18, 16, 16, 4
3, 10, 12, 2, 6, 30, 36, 6, 18, 120, 20, 60, 24, 72, 12
3, 10, 24, 1, 6, 30, 72, 3, 18, 240, 10, 60, 24, 144, 6
3, 10, 3, 10, 0, 30, 9, 30, 0, 30, 100, 0, 30, 0, 0
3, 10, 48, 0, 30, 30, 144, 0, 90, 480, 0, 300, 0, 1440, 0
3, 10, 6, 5, 0, 30, 18, 15, 0, 60, 50, 0, 30, 0, 0
3, 1, 3, 1, 0, 3, 9, 3, 0, 3, 1, 0, 3, 0, 0
3, 1, 6, 0, 3, 3, 18, 0, 9, 6, 0, 3, 0, 18, 0
3, 2, 12, 0, 6, 6, 36, 0, 18, 24, 0, 12, 0, 72, 0
3, 2, 3, 2, 0, 6, 9, 6, 0, 6, 4, 0, 6, 0, 0
3, 2, 6, 1, 0, 6, 18, 3, 0, 12, 2, 0, 6, 0, 0
3, 3, 12, 0, 9, 9, 36, 0, 27, 36, 0, 27, 0, 108, 0
3, 3, 3, 3, 0, 9, 9, 9, 0, 9, 9, 0, 9, 0, 0
3, 3, 6, 1, 3, 9, 18, 3, 9, 18, 3, 9, 6, 18, 3
3, 4, 12, 1, 0, 12, 36, 3, 0, 48, 4, 0, 12, 0, 0
3, 4, 24, 0, 12, 12, 72, 0, 36, 96, 0, 48, 0, 288, 0
3, 4, 3, 4, 0, 12, 9, 12, 0, 12, 16, 0, 12, 0, 0
3, 4, 6, 2, 0, 12, 18, 6, 0, 24, 8, 0, 12, 0, 0
3, 5, 12, 1, 3, 15, 36, 3, 9, 60, 5, 15, 12, 36, 3
3, 5, 24, 0, 15, 15, 72, 0, 45, 120, 0, 75, 0, 360, 0
3, 5, 3, 5, 0, 15, 9, 15, 0, 15, 25, 0, 15, 0, 0
3, 5, 6, 2, 3, 15, 18, 6, 9, 30, 10, 15, 12, 18, 6
3, 6, 12, 1, 6, 18, 36, 3, 18, 72, 6, 36, 12, 72, 6
3, 6, 24, 0, 18, 18, 72, 0, 54, 144, 0, 108, 0, 432, 0
3, 6, 3, 6, 0, 18, 9, 18, 0, 18, 36, 0, 18, 0, 0
3, 6, 6, 3, 0, 18, 18, 9, 0, 36, 18, 0, 18, 0, 0
3, 7, 12, 1, 9, 21, 36, 3, 27, 84, 7, 63, 12, 108, 9
3, 7, 24, 0, 21, 21, 72, 0, 63, 168, 0, 147, 0, 504, 0
3, 7, 3, 7, 0, 21, 9, 21, 0, 21, 49, 0, 21, 0, 0
3, 7, 6, 3, 3, 21, 18, 9, 9, 42, 21, 21, 18, 18, 9
3, 8, 12, 2, 0, 24, 36, 6, 0, 96, 16, 0, 24, 0, 0
3, 8, 24, 1, 0, 24, 72, 3, 0, 192, 8, 0, 24, 0, 0
3, 8, 3, 8, 0, 24, 9, 24, 0, 24, 64, 0, 24, 0, 0
3, 8, 48, 0, 24, 24, 144, 0, 72, 384, 0, 192, 0, 1152, 0
3, 8, 6, 4, 0, 24, 18, 12, 0, 48, 32, 0, 24, 0, 0
3, 9, 12, 2, 3, 27, 36, 6, 9, 108, 18, 27, 24, 36, 6
3, 9, 24, 1, 3, 27, 72, 3, 9, 216, 9, 27, 24, 72, 3
3, 9, 3, 9, 0, 27, 9, 27, 0, 27, 81, 0, 27, 0, 0
3, 9, 48, 0, 27, 27, 144, 0, 81, 432, 0, 243, 0, 1296, 0
3, 9, 6, 4, 3, 27, 18, 12, 9, 54, 36, 27, 24, 18, 12
4, 10, 16, 2, 8, 40, 64, 8, 32, 160, 20, 80, 32, 128, 16
4, 10, 32, 1, 8, 40, 128, 4, 32, 320, 10, 80, 32, 256, 8
4, 10, 4, 10, 0, 40, 16, 40, 0, 40, 100, 0, 40, 0, 0
4, 10, 64, 0, 40, 40, 256, 0, 160, 640, 0, 400, 0, 2560, 0
4, 10, 8, 5, 0, 40, 32, 20, 0, 80, 50, 0, 40, 0, 0
4, 1, 4, 1, 0, 4, 16, 4, 0, 4, 1, 0, 4, 0, 0
4, 1, 8, 0, 4, 4, 32, 0, 16, 8, 0, 4, 0, 32, 0
4, 2, 16, 0, 8, 8, 64, 0, 32, 32, 0, 16, 0, 128, 0
4, 2, 4, 2, 0, 8, 16, 8, 0, 8, 4, 0, 8, 0, 0
4, 2, 8, 1, 0, 8, 32, 4, 0, 16, 2, 0, 8, 0, 0
4, 3, 16, 0, 12, 12, 64, 0, 48, 48, 0, 36, 0, 192, 0
4, 3, 4, 3, 0, 12, 16, 12, 0, 12, 9, 0, 12, 0, 0
4, 3, 8, 1, 4, 12, 32, 4, 16, 24, 3, 12, 8, 32, 4
4, 4, 16, 1, 0, 16, 64, 4, 0, 64, 4, 0, 16, 0, 0
4, 4, 32, 0, 16, 16, 128, 0, 64, 128, 0, 64, 0, 512, 0
4, 4, 4, 4, 0, 16, 16, 16, 0, 16, 16, 0, 16, 0, 0
4, 4, 8, 2, 0, 16, 32, 8, 0, 32, 8, 0, 16, 0, 0
4, 5, 16, 1, 4, 20, 64, 4, 16, 80, 5, 20, 16, 64, 4
4, 5, 32, 0, 20, 20, 128, 0, 80, 160, 0, 100, 0, 640, 0
4, 5, 4, 5, 0, 20, 16, 20, 0, 20, 25, 0, 20, 0, 0
4, 5, 8, 2, 4, 20, 32, 8, 16, 40, 10, 20, 16, 32, 8
4, 6, 16, 1, 8, 24, 64, 4, 32, 96, 6, 48, 16, 128, 8
4, 6, 32, 0, 24, 24, 128, 0, 96, 192, 0, 144, 0, 768, 0
4, 6, 4, 6, 0, 24, 16, 24, 0, 24, 36, 0, 24, 0, 0
4, 6, 8, 3, 0, 24, 32, 12, 0, 48, 18, 0, 24, 0, 0
4, 7, 16, 1, 12, 28, 64, 4, 48, 112, 7, 84, 16, 192, 12
4, 7, 32, 0, 28, 28, 128, 0, 112, 224, 0, 196, 0, 896, 0
4, 7, 4, 7, 0, 28, 16, 28, 0, 28, 49, 0, 28, 0, 0
4, 7, 8, 3, 4, 28, 32, 12, 16, 56, 21, 28, 24, 32, 12
4, 8, 16, 2, 0, 32, 64, 8, 0, 128, 16, 0, 32, 0, 0
4, 8, 32, 1, 0, 32, 128, 4, 0, 256, 8, 0, 32, 0, 0
4, 8, 4, 8, 0, 32, 16, 32, 0, 32, 64, 0, 32, 0, 0
4, 8, 64, 0, 32, 32, 256, 0, 128, 512, 0, 256, 0, 2048, 0
4, 8, 8, 4, 0, 32, 32, 16, 0, 64, 32, 0, 32, 0, 0
4, 9, 16, 2, 4, 36, 64, 8, 16, 144, 18, 36, 32, 64, 8
4, 9, 32, 1, 4, 36, 128, 4, 16, 288, 9, 36, 32, 128, 4
4, 9, 4, 9, 0, 36, 16, 36, 0, 36, 81, 0, 36, 0, 0
4, 9, 64, 0, 36, 36, 256, 0, 144, 576, 0, 324, 0, 2304, 0
4, 9, 8, 4, 4, 36, 32, 16, 16, 72, 36, 36, 32, 32, 16
5, 10, 10, 5, 0, 50, 50, 25, 0, 100, 50, 0, 50, 0, 0
5, 10, 20, 2, 10, 50, 100, 10, 50, 200, 20, 100, 40, 200, 20
5, 10, 40, 1, 10, 50, 200, 5, 50, 400, 10, 100, 40, 400, 10
5, 10, 5, 10, 0, 50, 25, 50, 0, 50, 100, 0, 50, 0, 0
5, 10, 80, 0, 50, 50, 400, 0, 250, 800, 0, 500, 0, 4000, 0
5, 1, 10, 0, 5, 5, 50, 0, 25, 10, 0, 5, 0, 50, 0
5, 1, 5, 1, 0, 5, 25, 5, 0, 5, 1, 0, 5, 0, 0
5, 2, 10, 1, 0, 10, 50, 5, 0, 20, 2, 0, 10, 0, 0
5, 2, 20, 0, 10, 10, 100, 0, 50, 40, 0, 20, 0, 200, 0
5, 2, 5, 2, 0, 10, 25, 10, 0, 10, 4, 0, 10, 0, 0
5, 3, 10, 1, 5, 15, 50, 5, 25, 30, 3, 15, 10, 50, 5
5, 3, 20, 0, 15, 15, 100, 0, 75, 60, 0, 45, 0, 300, 0
5, 3, 5, 3, 0, 15, 25, 15, 0, 15, 9, 0, 15, 0, 0
5, 4, 10, 2, 0, 20, 50, 10, 0, 40, 8, 0, 20, 0, 0
5, 4, 20, 1, 0, 20, 100, 5, 0, 80, 4, 0, 20, 0, 0
5, 4, 40, 0, 20, 20, 200, 0, 100, 160, 0, 80, 0, 800, 0
5, 4, 5, 4, 0, 20, 25, 20, 0, 20, 16, 0, 20, 0, 0
5, 5, 10, 2, 5, 25, 50, 10, 25, 50, 10, 25, 20, 50, 10
5, 5, 20, 1, 5, 25, 100, 5, 25, 100, 5, 25, 20, 100, 5
5, 5, 40, 0, 25, 25, 200, 0, 125, 200, 0, 125, 0, 1000, 0
5, 5, 5, 5, 0, 25, 25, 25, 0, 25, 25, 0, 25, 0, 0
5, 6, 10, 3, 0, 30, 50, 15, 0, 60, 18, 0, 30, 0, 0
5, 6, 20, 1, 10, 30, 100, 5, 50, 120, 6, 60, 20, 200, 10
5, 6, 40, 0, 30, 30, 200, 0, 150, 240, 0, 180, 0, 1200, 0
5, 6, 5, 6, 0, 30, 25, 30, 0, 30, 36, 0, 30, 0, 0
5, 7, 10, 3, 5, 35, 50, 15, 25, 70, 21, 35, 30, 50, 15
5, 7, 20, 1, 15, 35, 100, 5, 75, 140, 7, 105, 20, 300, 15
5, 7, 40, 0, 35, 35, 200, 0, 175, 280, 0, 245, 0, 1400, 0
5, 7, 5, 7, 0, 35, 25, 35, 0, 35, 49, 0, 35, 0, 0
5, 8, 10, 4, 0, 40, 50, 20, 0, 80, 32, 0, 40, 0, 0
5, 8, 20, 2, 0, 40, 100, 10, 0, 160, 16, 0, 40, 0, 0
5, 8, 40, 1, 0, 40, 200, 5, 0, 320, 8, 0, 40, 0, 0
5, 8, 5, 8, 0, 40, 25, 40, 0, 40, 64, 0, 40, 0, 0
5, 8, 80, 0, 40, 40, 400, 0, 200, 640, 0, 320, 0, 3200, 0
5, 9, 10, 4, 5, 45, 50, 20, 25, 90, 36, 45, 40, 50, 20
5, 9, 20, 2, 5, 45, 100, 10, 25, 180, 18, 45, 40, 100, 10
5, 9, 40, 1, 5, 45, 200, 5, 25, 360, 9, 45, 40, 200, 5
5, 9, 5, 9, 0, 45, 25, 45, 0, 45, 81, 0, 45, 0, 0
5, 9, 80, 0, 45, 45, 400, 0, 225, 720, 0, 405, 0, 3600, 0
6, 10, 12, 5, 0, 60, 72, 30, 0, 120, 50, 0, 60, 0, 0
6, 10, 24, 2, 12, 60, 144, 12, 72, 240, 20, 120, 48, 288, 24
6, 10, 48, 1, 12, 60, 288, 6, 72, 480, 10, 120, 48, 576, 12
6, 10, 6, 10, 0, 60, 36, 60, 0, 60, 100, 0, 60, 0, 0
6, 10, 96, 0, 60, 60, 576, 0, 360, 960, 0, 600, 0, 5760, 0
6, 1, 12, 0, 6, 6, 72, 0, 36, 12, 0, 6, 0, 72, 0
6, 1, 6, 1, 0, 6, 36, 6, 0, 6, 1, 0, 6, 0, 0
6, 2, 12, 1, 0, 12, 72, 6, 0, 24, 2, 0, 12, 0, 0
6, 2, 24, 0, 12, 12, 144, 0, 72, 48, 0, 24, 0, 288, 0
6, 2, 6, 2, 0, 12, 36, 12, 0, 12, 4, 0, 12, 0, 0
6, 3, 12, 1, 6, 18, 72, 6, 36, 36, 3, 18, 12, 72, 6
6, 3, 24, 0, 18, 18, 144, 0, 108, 72, 0, 54, 0, 432, 0
6, 3, 6, 3, 0, 18, 36, 18, 0, 18, 9, 0, 18, 0, 0
6, 4, 12, 2, 0, 24, 72, 12, 0, 48, 8, 0, 24, 0, 0
6, 4, 24, 1, 0, 24, 144, 6, 0, 96, 4, 0, 24, 0, 0
6, 4, 48, 0, 24, 24, 288, 0, 144, 192, 0, 96, 0, 1152, 0
6, 4, 6, 4, 0, 24, 36, 24, 0, 24, 16, 0, 24, 0, 0
6, 5, 12, 2, 6, 30, 72, 12, 36, 60, 10, 30, 24, 72, 12
6, 5, 24, 1, 6, 30, 144, 6, 36, 120, 5, 30, 24, 144, 6
6, 5, 48, 0, 30, 30, 288, 0, 180, 240, 0, 150, 0, 1440, 0
6, 5, 6, 5, 0, 30, 36, 30, 0, 30, 25, 0, 30, 0, 0
6, 6, 12, 3, 0, 36, 72, 18, 0, 72, 18, 0, 36, 0, 0
6, 6, 24, 1, 12, 36, 144, 6, 72, 144, 6, 72, 24, 288, 12
6, 6, 48, 0, 36, 36, 288, 0, 216, 288, 0, 216, 0, 1728, 0
6, 6, 6, 6, 0, 36, 36, 36, 0, 36, 36, 0, 36, 0, 0
6, 7, 12, 3, 6, 42, 72, 18, 36, 84, 21, 42, 36, 72, 18
6, 7, 24, 1, 18, 42, 144, 6, 108, 168, 7, 126, 24, 432, 18
6, 7, 48, 0, 42, 42, 288, 0, 252, 336, 0, 294, 0, 2016, 0
6, 7, 6, 7, 0, 42, 36, 42, 0, 42, 49, 0, 42, 0, 0
6, 8, 12, 4, 0, 48, 72, 24, 0, 96, 32, 0, 48, 0, 0
6, 8, 24, 2, 0, 48, 144, 12, 0, 192, 16, 0, 48, 0, 0
6, 8, 48, 1, 0, 48, 288, 6, 0, 384, 8, 0, 48, 0, 0
6, 8, 6, 8, 0, 48, 36, 48, 0, 48, 64, 0, 48, 0, 0
6, 8, 96, 0, 48, 48, 576, 0, 288, 768, 0, 384, 0, 4608, 0
6, 9, 12, 4, 6, 54, 72, 24, 36, 108, 36, 54, 48, 72, 24
6, 9, 24, 2, 6, 54, 144, 12, 36, 216, 18, 54, 48, 144, 12
6, 9, 48, 1, 6, 54, 288, 6, 36, 432, 9, 54, 48, 288, 6
6, 9, 6, 9, 0, 54, 36, 54, 0, 54, 81, 0, 54, 0, 0
6, 9, 96, 0, 54, 54, 576, 0, 324, 864, 0, 486, 0, 5184, 0
7, 10, 112, 0, 70, 70, 784, 0, 490, 1120, 0, 700, 0, 7840, 0
7, 10, 14, 5, 0, 70, 98, 35, 0, 140, 50, 0, 70, 0, 0
7, 10, 28, 2, 14, 70, 196, 14, 98, 280, 20, 140, 56, 392, 28
7, 10, 56, 1, 14, 70, 392, 7, 98, 560, 10, 140, 56, 784, 14
7, 10, 7, 10, 0, 70, 49, 70, 0, 70, 100, 0, 70, 0, 0
7, 1, 14, 0, 7, 7, 98, 0, 49, 14, 0, 7, 0, 98, 0
7, 1, 7, 1, 0, 7, 49, 7, 0, 7, 1, 0, 7, 0, 0
7, 2, 14, 1, 0, 14, 98, 7, 0, 28, 2, 0, 14, 0, 0
7, 2, 28, 0, 14, 14, 196, 0, 98, 56, 0, 28, 0, 392, 0
7, 2, 7, 2, 0, 14, 49, 14, 0, 14, 4, 0, 14, 0, 0
7, 3, 14, 1, 7, 21, 98, 7, 49, 42, 3, 21, 14, 98, 7
7, 3, 28, 0, 21, 21, 196, 0, 147, 84, 0, 63, 0, 588, 0
7, 3, 7, 3, 0, 21, 49, 21, 0, 21, 9, 0, 21, 0, 0
7, 4, 14, 2, 0, 28, 98, 14, 0, 56, 8, 0, 28, 0, 0
7, 4, 28, 1, 0, 28, 196, 7, 0, 112, 4, 0, 28, 0, 0
7, 4, 56, 0, 28, 28, 392, 0, 196, 224, 0, 112, 0, 1568, 0
7, 4, 7, 4, 0, 28, 49, 28, 0, 28, 16, 0, 28, 0, 0
7, 5, 14, 2, 7, 35, 98, 14, 49, 70, 10, 35, 28, 98, 14
7, 5, 28, 1, 7, 35, 196, 7, 49, 140, 5, 35, 28, 196, 7
7, 5, 56, 0, 35, 35, 392, 0, 245, 280, 0, 175, 0, 1960, 0
7, 5, 7, 5, 0, 35, 49, 35, 0, 35, 25, 0, 35, 0, 0
7, 6, 14, 3, 0, 42, 98, 21, 0, 84, 18, 0, 42, 0, 0
7, 6, 28, 1, 14, 42, 196, 7, 98, 168, 6, 84, 28, 392, 14
7, 6, 56, 0, 42, 42, 392, 0, 294, 336, 0, 252, 0, 2352, 0
7, 6, 7, 6, 0, 42, 49, 42, 0, 42, 36, 0, 42, 0, 0
7, 7, 14, 3, 7, 49, 98, 21, 49, 98, 21, 49, 42, 98, 21
7, 7, 28, 1, 21, 49, 196, 7, 147, 196, 7, 147, 28, 588, 21
7, 7, 56, 0, 49, 49, 392, 0, 343, 392, 0, 343, 0, 2744, 0
7, 7, 7, 7, 0, 49, 49, 49, 0, 49, 49, 0, 49, 0, 0
7, 8, 112, 0, 56, 56, 784, 0, 392, 896, 0, 448, 0, 6272, 0
7, 8, 14, 4, 0, 56, 98, 28, 0, 112, 32, 0, 56, 0, 0
7, 8, 28, 2, 0, 56, 196, 14, 0, 224, 16, 0, 56, 0, 0
7, 8, 56, 1, 0, 56, 392, 7, 0, 448, 8, 0, 56, 0, 0
7, 8, 7, 8, 0, 56, 49, 56, 0, 56, 64, 0, 56, 0, 0
7, 9, 112, 0, 63, 63, 784, 0, 441, 1008, 0, 567, 0, 7056, 0
7, 9, 14, 4, 7, 63, 98, 28, 49, 126, 36, 63, 56, 98, 28
7, 9, 28, 2, 7, 63, 196, 14, 49, 252, 18, 63, 56, 196, 14
7, 9, 56, 1, 7, 63, 392, 7, 49, 504, 9, 63, 56, 392, 7
7, 9, 7, 9, 0, 63, 49, 63, 0, 63, 81, 0, 63, 0, 0
8, 10, 128, 0, 80, 80, 1024, 0, 640, 1280, 0, 800, 0, 10240, 0
8, 10, 16, 5, 0, 80, 128, 40, 0, 160, 50, 0, 80, 0, 0
8, 10, 32, 2, 16, 80, 256, 16, 128, 320, 20, 160, 64, 512, 32
8, 10, 64, 1, 16, 80, 512, 8, 128, 640, 10, 160, 64, 1024, 16
8, 10, 8, 10, 0, 80, 64, 80, 0, 80, 100, 0, 80, 0, 0
8, 1, 16, 0, 8, 8, 128, 0, 64, 16, 0, 8, 0, 128, 0
8, 1, 8, 1, 0, 8, 64, 8, 0, 8, 1, 0, 8, 0, 0
8, 2, 16, 1, 0, 16, 128, 8, 0, 32, 2, 0, 16, 0, 0
8, 2, 32, 0, 16, 16, 256, 0, 128, 64, 0, 32, 0, 512, 0
8, 2, 8, 2, 0, 16, 64, 16, 0, 16, 4, 0, 16, 0, 0
8, 3, 16, 1, 8, 24, 128, 8, 64, 48, 3, 24, 16, 128, 8
8, 3, 32, 0, 24, 24, 256, 0, 192, 96, 0, 72, 0, 768, 0
8, 3, 8, 3, 0, 24, 64, 24, 0, 24, 9, 0, 24, 0, 0
8, 4, 16, 2, 0, 32, 128, 16, 0, 64, 8, 0, 32, 0, 0
8, 4, 32, 1, 0, 32, 256, 8, 0, 128, 4, 0, 32, 0, 0
8, 4, 64, 0, 32, 32, 512, 0, 256, 256, 0, 128, 0, 2048, 0
8, 4, 8, 4, 0, 32, 64, 32, 0, 32, 16, 0, 32, 0, 0
8, 5, 16, 2, 8, 40, 128, 16, 64, 80, 10, 40, 32, 128, 16
8, 5, 32, 1, 8, 40, 256, 8, 64, 160, 5, 40, 32, 256, 8
8, 5, 64, 0, 40, 40, 512, 0, 320, 320, 0, 200, 0, 2560, 0
8, 5, 8, 5, 0, 40, 64, 40, 0, 40, 25, 0, 40, 0, 0
8, 6, 16, 3, 0, 48, 128, 24, 0, 96, 18, 0, 48, 0, 0
8, 6, 32, 1, 16, 48, 256, 8, 128, 192, 6, 96, 32, 512, 16
8, 6, 64, 0, 48, 48, 512, 0, 384, 384, 0, 288, 0, 3072, 0
8, 6, 8, 6, 0, 48, 64, 48, 0, 48, 36, 0, 48, 0, 0
8, 7, 16, 3, 8, 56, 128, 24, 64, 112, 21, 56, 48, 128, 24
8, 7, 32, 1, 24, 56, 256, 8, 192, 224, 7, 168, 32, 768, 24
8, 7, 64, 0, 56, 56, 512, 0, 448, 448, 0, 392, 0, 3584, 0
8, 7, 8, 7, 0, 56, 64, 56, 0, 56, 49, 0, 56, 0, 0
8, 8, 128, 0, 64, 64, 1024, 0, 512, 1024, 0, 512, 0, 8192, 0
8, 8, 16, 4, 0, 64, 128, 32, 0, 128, 32, 0, 64, 0, 0
8, 8, 32, 2, 0, 64, 256, 16, 0, 256, 16, 0, 64, 0, 0
8, 8, 64, 1, 0, 64, 512, 8, 0, 512, 8, 0, 64, 0, 0
8, 8, 8, 8, 0, 64, 64, 64, 0, 64, 64, 0, 64, 0, 0
8, 9, 128, 0, 72, 72, 1024, 0, 576, 1152, 0, 648, 0, 9216, 0
8, 9, 16, 4, 8, 72, 128, 32, 64, 144, 36, 72, 64, 128, 32
8, 9, 32, 2, 8, 72, 256, 16, 64, 288, 18, 72, 64, 256, 16
8, 9, 64, 1, 8, 72, 512, 8, 64, 576, 9, 72, 64, 512, 8
8, 9, 8, 9, 0, 72, 64, 72, 0, 72, 81, 0, 72, 0, 0
9, 10, 144, 0, 90, 90, 1296, 0, 810, 1440, 0, 900, 0, 12960, 0
9, 10, 18, 5, 0, 90, 162, 45, 0, 180, 50, 0, 90, 0, 0
9, 10, 36, 2, 18, 90, 324, 18, 162, 360, 20, 180, 72, 648, 36
9, 10, 72, 1, 18, 90, 648, 9, 162, 720, 10, 180, 72, 1296, 18
9, 10, 9, 10, 0, 90, 81, 90, 0, 90, 100, 0, 90, 0, 0
9, 1, 18, 0, 9, 9, 162, 0, 81, 18, 0, 9, 0, 162, 0
9, 1, 9, 1, 0, 9, 81, 9, 0, 9, 1, 0, 9, 0, 0
9, 2, 18, 1, 0, 18, 162, 9, 0, 36, 2, 0, 18, 0, 0
9, 2, 36, 0, 18, 18, 324, 0, 162, 72, 0, 36, 0, 648, 0
9, 2, 9, 2, 0, 18, 81, 18, 0, 18, 4, 0, 18, 0, 0
9, 3, 18, 1, 9, 27, 162, 9, 81, 54, 3, 27, 18, 162, 9
9, 3, 36, 0, 27, 27, 324, 0, 243, 108, 0, 81, 0, 972, 0
9, 3, 9, 3, 0, 27, 81, 27, 0, 27, 9, 0, 27, 0, 0
9, 4, 18, 2, 0, 36, 162, 18, 0, 72, 8, 0, 36, 0, 0
9, 4, 36, 1, 0, 36, 324, 9, 0, 144, 4, 0, 36, 0, 0
9, 4, 72, 0, 36, 36, 648, 0, 324, 288, 0, 144, 0, 2592, 0
9, 4, 9, 4, 0, 36, 81, 36, 0, 36, 16, 0, 36, 0, 0
9, 5, 18, 2, 9, 45, 162, 18, 81, 90, 10, 45, 36, 162, 18
9, 5, 36, 1, 9, 45, 324, 9, 81, 180, 5, 45, 36, 324, 9
9, 5, 72, 0, 45, 45, 648, 0, 405, 360, 0, 225, 0, 3240, 0
9, 5, 9, 5, 0, 45, 81, 45, 0, 45, 25, 0, 45, 0, 0
9, 6, 18, 3, 0, 54, 162, 27, 0, 108, 18, 0, 54, 0, 0
9, 6, 36, 1, 18, 54, 324, 9, 162, 216, 6, 108, 36, 648, 18
9, 6, 72, 0, 54, 54, 648, 0, 486, 432, 0, 324, 0, 3888, 0
9, 6, 9, 6, 0, 54, 81, 54, 0, 54, 36, 0, 54, 0, 0
9, 7, 18, 3, 9, 63, 162, 27, 81, 126, 21, 63, 54, 162, 27
9, 7, 36, 1, 27, 63, 324, 9, 243, 252, 7, 189, 36, 972, 27
9, 7, 72, 0, 63, 63, 648, 0, 567, 504, 0, 441, 0, 4536, 0
9, 7, 9, 7, 0, 63, 81, 63, 0, 63, 49, 0, 63, 0, 0
9, 8, 144, 0, 72, 72, 1296, 0, 648, 1152, 0, 576, 0, 10368, 0
9, 8, 18, 4, 0, 72, 162, 36, 0, 144, 32, 0, 72, 0, 0
9, 8, 36, 2, 0, 72, 324, 18, 0, 288, 16, 0, 72, 0, 0
9, 8, 72, 1, 0, 72, 648, 9, 0, 576, 8, 0, 72, 0, 0
9, 8, 9, 8, 0, 72, 81, 72, 0, 72, 64, 0, 72, 0, 0
9, 9, 144, 0, 81, 81, 1296, 0, 729, 1296, 0, 729, 0, 11664, 0
9, 9, 18, 4, 9, 81, 162, 36, 81, 162, 36, 81, 72, 162, 36
9, 9, 36, 2, 9, 81, 324, 18, 81, 324, 18, 81, 72, 324, 18
9, 9, 72, 1, 9, 81, 648, 9, 81, 648, 9, 81, 72, 648, 9
9, 9, 9, 9, 0, 81, 81, 81, 0, 81, 81, 0, 81, 0, 0
